lake_id,Tên hồ,Số mẫu 12 tháng,HTL đo p5 (m),HTL đo trung vị (m),HTL đo p95 (m),MNC đang lưu,MNDBT đang lưu,MNGC đang lưu,Đỉnh đập đang lưu,Kết luận,Việc cần làm,MNC chính thức (điền),MNDBT chính thức (điền),MNGC chính thức (điền),Đỉnh đập chính thức (điền)
1,A Vương,7727,344.89,370.02,379.29,340,380,381,382,KHỚP - thông số hợp lý so với dữ liệu đo,Không cần sửa,,,,
2,Đắk Mi 4,7769,243.84,253.88,257.52,225,258,260.5,261.5,KHỚP - thông số hợp lý so với dữ liệu đo,Không cần sửa,,,,
3,Sông Bung 4,7747,206.67,216.64,221.98,205,222.5,224,225,KHỚP - thông số hợp lý so với dữ liệu đo,Không cần sửa,,,,
4,Sông Tranh 2,7719,144.21,167.63,174.83,158,175,176.5,177,NGHI SAI MNC: mực nước đo (p5) thấp hơn MNC đã khai,"Kiểm tra MNC theo QĐ vận hành Sông Tranh 2 (hồ chính, ưu tiên)",,,,
7,Sông Bung 4A,2347,95.47,97.40,97.40,130,138,139,140,SAI: cao trình spec lệch hoàn toàn khỏi dải mực nước đo thực,Nhập MNC/MNDBT/MNGC/đỉnh đập chính thức (QĐ 1865/QĐ-TTg hoặc hồ sơ thiết kế),,,,
8,Sông Bung 5,2110,59.00,60.00,60.00,175,185,186.5,187.5,SAI: cao trình spec lệch hoàn toàn khỏi dải mực nước đo thực,Nhập MNC/MNDBT/MNGC/đỉnh đập chính thức (QĐ 1865/QĐ-TTg hoặc hồ sơ thiết kế),,,,
9,Sông Bung 2,2311,574.00,599.01,604.36,330,340,342,343,SAI: cao trình spec lệch hoàn toàn khỏi dải mực nước đo thực,Nhập MNC/MNDBT/MNGC/đỉnh đập chính thức (QĐ 1865/QĐ-TTg hoặc hồ sơ thiết kế),,,,
11,Sông Bung 6,2287,28.96,31.80,35.21,93,100,101,102,SAI: cao trình spec lệch hoàn toàn khỏi dải mực nước đo thực,Nhập MNC/MNDBT/MNGC/đỉnh đập chính thức (QĐ 1865/QĐ-TTg hoặc hồ sơ thiết kế),,,,
12,Sông Tranh 3,2015,70.67,71.33,71.50,60,65,66,67,SAI: cao trình spec lệch hoàn toàn khỏi dải mực nước đo thực,Nhập MNC/MNDBT/MNGC/đỉnh đập chính thức (QĐ 1865/QĐ-TTg hoặc hồ sơ thiết kế),,,,
13,Za Hung,1109,446.59,449.42,452.05,150,160,161.5,162.5,SAI: cao trình spec lệch hoàn toàn khỏi dải mực nước đo thực,Nhập MNC/MNDBT/MNGC/đỉnh đập chính thức (QĐ 1865/QĐ-TTg hoặc hồ sơ thiết kế),,,,
14,Đắk Mi 3,7681,354.00,356.19,359.00,340,352,353.5,354.5,SAI: cao trình spec lệch hoàn toàn khỏi dải mực nước đo thực,Nhập MNC/MNDBT/MNGC/đỉnh đập chính thức (QĐ 1865/QĐ-TTg hoặc hồ sơ thiết kế),,,,
15,Khe Diên,2102,196.21,204.72,207.64,18,24,25,26,SAI: cao trình spec lệch hoàn toàn khỏi dải mực nước đo thực,Nhập MNC/MNDBT/MNGC/đỉnh đập chính thức (QĐ 1865/QĐ-TTg hoặc hồ sơ thiết kế),,,,
16,Sông Côn 2,1125,277.05,277.81,278.45,320,334,335.5,336.5,SAI: cao trình spec lệch hoàn toàn khỏi dải mực nước đo thực,Nhập MNC/MNDBT/MNGC/đỉnh đập chính thức (QĐ 1865/QĐ-TTg hoặc hồ sơ thiết kế),,,,
17,Sông Tranh 4,2125,46.04,46.24,46.39,53,58,59,60,KHỚP - thông số hợp lý so với dữ liệu đo,Không cần sửa,,,,
19,Đắk Mi 4C,1779,66.65,66.93,67.17,153,162,163,164,SAI: cao trình spec lệch hoàn toàn khỏi dải mực nước đo thực,Nhập MNC/MNDBT/MNGC/đỉnh đập chính thức (QĐ 1865/QĐ-TTg hoặc hồ sơ thiết kế),,,,
